,tweet_id,favorite_count,retweet_count
0,666020888022790149,2293,422
1,666029285002620928,112,39
2,666033412701032449,100,36
3,666044226329800704,247,115
4,666049248165822465,89,37
5,666050758794694657,115,50
6,666051853826850816,1027,702
7,666055525042405380,367,196
8,666057090499244032,248,112
9,666058600524156928,99,47
10,666063827256086533,398,180
11,666071193221509120,127,51
12,666073100786774016,274,131
13,666082916733198337,93,37
14,666094000022159362,143,63
15,666099513787052032,134,53
16,666102155909144576,66,11
17,666104133288665088,12900,5483
18,666268910803644416,100,38
19,666273097616637952,152,68
20,666287406224695296,123,57
21,666293911632134144,427,289
22,666337882303524864,168,79
23,666345417576210432,245,124
24,666353288456101888,179,58
25,666362758909284353,649,468
26,666373753744588802,163,73
27,666396247373291520,147,69
28,666407126856765440,93,30
29,666411507551481857,372,262
30,666418789513326592,107,39
31,666421158376562688,272,91
32,666428276349472768,139,67
33,666430724426358785,278,160
34,666435652385423360,138,42
35,666437273139982337,106,40
36,666447344410484738,90,19
37,666454714377183233,448,179
38,666644823164719104,208,69
39,666649482315059201,992,524
40,666691418707132416,161,42
41,666701168228331520,371,182
42,666739327293083650,209,60
43,666776908487630848,305,150
44,666781792255496192,326,168
45,666786068205871104,657,409
46,666804364988780544,206,78
47,666817836334096384,444,209
48,666826780179869698,221,79
49,666835007768551424,185,65
50,666837028449972224,703,470
51,666983947667116034,2246,846
52,666996132027977728,214,79
53,667012601033924608,394,187
54,667044094246576128,163,43
55,667062181243039745,192,45
56,667065535570550784,143,40
57,667070482143944705,72,13
58,667073648344346624,351,104
59,667090893657276420,287,106
60,667119796878725120,286,106
61,667138269671505920,4012,1873
62,667152164079423490,42275,14606
63,667160273090932737,219,50
64,667165590075940865,2380,971
65,667171260800061440,186,72
66,667174963120574464,218,70
67,667176164155375616,526,388
68,667177989038297088,166,48
69,667182792070062081,12528,5274
70,667188689915760640,643,331
71,667192066997374976,333,86
72,667200525029539841,543,228
73,667211855547486208,425,209
74,667369227918143488,328,145
75,667393430834667520,168,50
76,667405339315146752,411,196
77,667435689202614272,266,76
78,667437278097252352,396,198
79,667443425659232256,682,488
80,667453023279554560,279,74
81,667455448082227200,171,53
82,667470559035432960,225,85
83,667491009379606528,459,190
84,667495797102141441,458,231
85,667502640335572993,484,193
86,667509364010450944,6064,1865
87,667517642048163840,332,166
88,667524857454854144,1506,967
89,667530908589760512,411,206
90,667534815156183040,717,445
91,667538891197542400,176,58
92,667544320556335104,762,459
93,667546741521195010,303,106
94,667549055577362432,5107,1955
95,667550882905632768,0,25
96,667550904950915073,0,28
97,667724302356258817,424,268
98,667728196545200128,325,126
99,667766675769573376,373,185
100,667773195014021121,204,44
101,667782464991965184,363,211
102,667793409583771648,609,286
103,667801013445750784,283,82
104,667806454573760512,931,417
105,667832474953625600,255,55
106,667861340749471744,221,69
107,667866724293877760,2717,901
108,667873844930215936,553,340
109,667878741721415682,349,101
110,667885044254572545,729,400
111,667886921285246976,1646,908
112,667902449697558528,758,334
113,667911425562669056,431,246
114,667915453470232577,184,46
115,667924896115245057,264,95
116,667937095915278337,1116,692
117,668113020489474048,585,208
118,668142349051129856,510,238
119,668154635664932864,440,273
120,668171859951755264,425,162
121,668190681446379520,577,171
122,668204964695683073,489,172
123,668221241640230912,452,169
124,668226093875376128,247,85
125,668237644992782336,5446,2425
126,668248472370458624,842,408
127,668256321989451776,1153,518
128,668268907921326080,485,206
129,668274247790391296,721,197
130,668286279830867968,436,117
131,668291999406125056,213,28
132,668297328638447616,557,255
133,668466899341221888,768,441
134,668480044826800133,397,127
135,668484198282485761,372,206
136,668496999348633600,359,114
137,668507509523615744,279,87
138,668528771708952576,404,189
139,668537837512433665,227,61
140,668542336805281792,403,182
141,668544745690562560,453,197
142,668567822092664832,206,46
143,668587383441514497,1478,921
144,668614819948453888,544,272
145,668620235289837568,181,35
146,668623201287675904,1248,654
147,668625577880875008,330,111
148,668627278264475648,281,97
149,668631377374486528,618,280
150,668633411083464705,2466,1381
151,668636665813057536,922,435
152,668641109086707712,944,466
153,668643542311546881,788,447
154,668645506898350081,774,457
155,668655139528511488,474,189
156,668779399630725120,627,325
157,668815180734689280,493,226
158,668826086256599040,384,112
159,668852170888998912,409,139
160,668872652652679168,477,268
161,668892474547511297,354,126
162,668902994700836864,276,88
163,668932921458302977,227,50
164,668955713004314625,241,63
165,668960084974809088,620,210
166,668967877119254528,127,18
167,668975677807423489,1156,495
168,668979806671884288,705,294
169,668981893510119424,483,259
170,668986018524233728,479,140
171,668988183816871936,800,389
172,668989615043424256,596,288
173,668992363537309700,658,292
174,668994913074286592,391,191
175,669000397445533696,18685,5523
176,669006782128353280,510,209
177,669015743032369152,650,324
178,669037058363662336,573,265
179,669203728096960512,890,407
180,669214165781868544,385,135
181,669216679721873412,1058,348
182,669324657376567296,440,182
183,669327207240699904,498,102
184,669328503091937280,907,367
185,669351434509529089,381,157
186,669353438988365824,566,226
187,669354382627049472,2393,1094
188,669359674819481600,332,103
189,669363888236994561,558,202
190,669367896104181761,406,130
191,669371483794317312,438,148
192,669375718304980992,1178,629
193,669393256313184256,313,62
194,669564461267722241,337,104
195,669567591774625800,202,45
196,669571471778410496,1409,882
197,669573570759163904,388,120
198,669583744538451968,1322,803
199,669597912108789760,447,133
200,669603084620980224,846,316
201,669625907762618368,3124,1568
202,669661792646373376,714,367
203,669680153564442624,588,243
204,669682095984410625,312,116
205,669683899023405056,339,94
206,669684865554620416,448,75
207,669749430875258880,229,55
208,669753178989142016,709,341
209,669923323644657664,202,50
210,669926384437997569,339,81
211,669942763794931712,443,133
212,669970042633789440,272,43
213,669972011175813120,395,134
214,669993076832759809,288,70
215,670003130994700288,296,77
216,670037189829525505,527,240
217,670040295598354432,659,97
218,670046952931721218,576,152
219,670055038660800512,592,279
220,670061506722140161,669,290
221,670069087419133954,554,205
222,670073503555706880,1386,680
223,670079681849372674,1959,1057
224,670086499208155136,622,218
225,670093938074779648,911,277
226,670290420111441920,623,250
227,670303360680108032,382,107
228,670319130621435904,3468,1067
229,670338931251150849,374,96
230,670361874861563904,288,55
231,670374371102445568,669,238
232,670385711116361728,493,173
233,670403879788544000,378,130
234,670408998013820928,485,187
235,670411370698022913,1796,772
236,670417414769758208,501,280
237,670420569653809152,540,265
238,670421925039075328,1148,552
239,670427002554466305,463,142
240,670428280563085312,1232,523
241,670433248821026816,296,100
242,670434127938719744,1256,561
243,670435821946826752,940,437
244,670442337873600512,581,175
245,670444955656130560,6062,1746
246,670449342516494336,1075,569
247,670452855871037440,489,174
248,670465786746662913,854,468
249,670468609693655041,317,77
250,670474236058800128,1341,632
251,670668383499735048,9467,4321
252,670676092097810432,215,35
253,670679630144274432,666,243
254,670691627984359425,520,209
255,670704688707301377,687,319
256,670717338665226240,1053,418
257,670727704916926465,736,314
258,670733412878163972,850,446
259,670755717859713024,393,88
260,670764103623966721,958,371
261,670778058496974848,298,62
262,670780561024270336,701,249
263,670782429121134593,1351,659
264,670783437142401025,726,331
265,670786190031921152,529,171
266,670789397210615808,584,210
267,670792680469889025,733,238
268,670797304698376195,661,203
269,670803562457407488,302,78
270,670804601705242624,1739,818
271,670807719151067136,1051,428
272,670811965569282048,984,231
273,670815497391357952,2786,1321
274,670822709593571328,544,83
275,670823764196741120,677,161
276,670826280409919488,4873,3514
277,670832455012716544,647,184
278,670833812859932673,382,109
279,670838202509447168,985,598
280,670840546554966016,524,166
281,670842764863651840,22081,7575
282,670995969505435648,970,243
283,671109016219725825,1005,378
284,671115716440031232,1218,673
285,671122204919246848,3088,2189
286,671134062904504320,654,162
287,671138694582165504,823,343
288,671141549288370177,1022,572
289,671147085991960577,585,192
290,671151324042559489,587,128
291,671154572044468225,625,186
292,671159727754231808,313,68
293,671163268581498880,1459,967
294,671166507850801152,782,302
295,671182547775299584,979,284
296,671186162933985280,641,176
297,671347597085433856,834,371
298,671355857343524864,421,105
299,671357843010908160,351,133
300,671362598324076544,977,258
301,671390180817915904,1280,653
302,671485057807351808,678,196
303,671486386088865792,512,173
304,671488513339211776,885,415
305,671497587707535361,827,390
306,671504605491109889,6244,3126
307,671511350426865664,1427,606
308,671518598289059840,833,253
309,671520732782923777,1221,454
310,671528761649688577,739,216
311,671533943490011136,898,497
312,671536543010570240,1037,344
313,671538301157904385,837,336
314,671542985629241344,967,486
315,671544874165002241,1729,889
316,671547767500775424,1205,499
317,671550332464455680,811,183
318,671561002136281088,11393,6322
319,671729906628341761,7495,3807
320,671735591348891648,1287,657
321,671743150407421952,675,201
322,671744970634719232,1212,666
323,671763349865160704,1497,776
324,671768281401958400,1051,434
325,671789708968640512,6324,3001
326,671855973984772097,793,374
327,671866342182637568,999,419
328,671874878652489728,1106,479
329,671879137494245376,1248,575
330,671882082306625538,3109,1212
331,671891728106971137,1176,483
332,671896809300709376,7622,3677
333,672068090318987265,1141,441
334,672082170312290304,838,319
335,672095186491711488,879,328
336,672125275208069120,2119,992
337,672139350159835138,1546,596
338,672160042234327040,767,304
339,672169685991993344,909,319
340,672205392827572224,1991,1009
341,672222792075620352,703,176
342,672231046314901505,1624,876
343,672239279297454080,806,276
344,672245253877968896,607,132
345,672248013293752320,1530,524
346,672254177670729728,1278,652
347,672256522047614977,2515,1329
348,672264251789176834,1012,287
349,672267570918129665,1318,538
350,672272411274932228,5724,2933
351,672466075045466113,1193,448
352,672475084225949696,1298,608
353,672481316919734272,639,110
354,672482722825261057,992,518
355,672488522314567680,990,372
356,672523490734551040,551,146
357,672538107540070400,903,317
358,672591271085670400,641,157
359,672591762242805761,846,285
360,672594978741354496,1180,531
361,672604026190569472,973,337
362,672609152938721280,970,338
363,672614745925664768,1089,512
364,672622327801233409,1149,423
365,672640509974827008,875,271
366,672828477930868736,1109,419
367,672834301050937345,1156,503
368,672877615439593473,909,301
369,672884426393653248,1369,730
370,672898206762672129,795,363
371,672902681409806336,1234,424
372,672964561327235073,1261,557
373,672968025906282496,1184,471
374,672970152493887488,840,305
375,672975131468300288,1500,781
376,672980819271634944,1628,891
377,672984142909456390,1120,471
378,672988786805112832,878,254
379,672995267319328768,845,253
380,672997845381865473,1756,631
381,673148804208660480,1493,549
382,673213039743795200,1976,724
383,673240798075449344,1280,616
384,673270968295534593,960,313
385,673295268553605120,6732,2752
386,673317986296586240,781,216
387,673320132811366400,11978,6890
388,673342308415348736,1139,492
389,673343217010679808,858,235
390,673345638550134785,2231,1102
391,673350198937153538,685,185
392,673352124999274496,1496,475
393,673355879178194945,1346,493
394,673359818736984064,1288,593
395,673363615379013632,932,267
396,673576835670777856,1234,486
397,673580926094458881,739,239
398,673583129559498752,1067,313
399,673612854080196609,1427,632
400,673636718965334016,995,308
401,673656262056419329,650,199
402,673662677122719744,1129,328
403,673680198160809984,1231,418
404,673686845050527744,1277,377
405,673688752737402881,1127,440
406,673689733134946305,1546,569
407,673697980713705472,3515,1697
408,673700254269775872,1283,501
409,673705679337693185,1125,359
410,673707060090052608,990,346
411,673708611235921920,954,256
412,673709992831262724,753,236
413,673711475735838725,941,265
414,673715861853720576,3173,1812
415,673716320723169284,2789,669
416,673887867907739649,842,221
417,673906403526995968,2849,1437
418,673919437611909120,1056,327
419,673956914389192708,1751,838
420,674008982932058114,1082,300
421,674014384960745472,1389,560
422,674019345211760640,1015,265
423,674024893172875264,1584,1087
424,674036086168010753,761,181
425,674038233588723717,980,368
426,674042553264685056,636,110
427,674045139690631169,1268,566
428,674051556661161984,1292,432
429,674053186244734976,2953,1130
430,674063288070742018,5733,1911
431,674075285688614912,889,246
432,674082852460433408,682,144
433,674255168825880576,1306,466
434,674262580978937856,1181,386
435,674265582246694913,1463,733
436,674269164442398721,825,202
437,674271431610523648,1393,645
438,674291837063053312,13198,5142
439,674307341513269249,10147,6041
440,674318007229923329,1252,450
441,674330906434379776,505,66
442,674372068062928900,767,280
443,674394782723014656,1336,488
444,674410619106390016,1069,401
445,674416750885273600,612,117
446,674422304705744896,1284,466
447,674436901579923456,988,344
448,674447403907457024,956,314
449,674468880899788800,5566,1783
450,674606911342424069,841,86
451,674632714662858753,1343,503
452,674638615994089473,1519,512
453,674644256330530816,929,242
454,674646392044941312,1282,430
455,674664755118911488,813,205
456,674670581682434048,1448,567
457,674690135443775488,1027,412
458,674737130913071104,580,80
459,674739953134403584,971,327
460,674742531037511680,432,45
461,674743008475090944,1260,465
462,674752233200820224,1312,401
463,674754018082705410,1230,384
464,674764817387900928,700,200
465,674767892831932416,1632,692
466,674774481756377088,991,411
467,674781762103414784,1807,1049
468,674788554665512960,719,181
469,674790488185167872,985,219
470,674793399141146624,2223,954
471,674800520222154752,2705,749
472,674805413498527744,762,318
473,674999807681908736,1993,956
474,675003128568291329,1393,406
475,675006312288268288,876,201
476,675015141583413248,2421,1044
477,675047298674663426,930,275
478,675109292475830276,2521,999
479,675111688094527488,868,213
480,675113801096802304,1740,688
481,675135153782571009,1165,413
482,675145476954566656,1916,782
483,675146535592706048,1055,257
484,675147105808306176,842,200
485,675149409102012420,3357,1501
486,675153376133427200,5602,2265
487,675166823650848770,3179,1386
488,675334060156301312,2487,1134
489,675349384339542016,3532,2001
490,675354435921575936,29489,14897
491,675362609739206656,942,194
492,675372240448454658,1529,458
493,675432746517426176,1362,503
494,675483430902214656,1666,855
495,675489971617296384,1152,527
496,675497103322386432,2824,1136
497,675501075957489664,15562,5222
498,675517828909424640,1151,407
499,675522403582218240,942,248
500,675531475945709568,1068,331
501,675534494439489536,1664,363
502,675706639471788032,583,86
503,675707330206547968,1786,600
504,675710890956750848,1693,721
505,675740360753160193,1060,295
506,675781562965868544,1458,420
507,675798442703122432,9319,3046
508,675820929667219457,956,208
509,675822767435051008,1384,475
510,675845657354215424,2047,779
511,675849018447167488,866,123
512,675853064436391936,2426,1136
513,675870721063669760,1470,500
514,675878199931371520,3781,1243
515,675888385639251968,2120,841
516,675891555769696257,1922,765
517,675898130735476737,1446,505
518,676089483918516224,1180,392
519,676098748976615425,2682,1250
520,676101918813499392,2584,1051
521,676121918416756736,1967,1028
522,676146341966438401,1753,590
523,676191832485810177,2059,920
524,676215927814406144,1571,516
525,676219687039057920,70943,27770
526,676237365392908289,1090,251
527,676263575653122048,1896,484
528,676430933382295552,1264,302
529,676440007570247681,1565,589
530,676470639084101634,10587,4181
531,676496375194980353,1375,471
532,676533798876651520,1700,490
533,676575501977128964,2335,989
534,676582956622721024,1081,251
535,676588346097852417,2086,700
536,676590572941893632,841,110
537,676593408224403456,4139,1891
538,676603393314578432,1043,340
539,676606785097199616,1724,387
540,676613908052996102,986,176
541,676617503762681856,2615,855
542,676776431406465024,4529,1805
543,676811746707918848,1305,379
544,676819651066732545,1657,602
545,676821958043033607,20732,13791
546,676864501615042560,1900,628
547,676897532954456065,2052,649
548,676916996760600576,2696,1615
549,676936541936185344,11627,4432
550,676942428000112642,1875,668
551,676946864479084545,1576,327
552,676948236477857792,1962,776
553,676949632774234114,1187,348
554,676957860086095872,2028,719
555,676975532580409345,2528,951
556,677187300187611136,2486,812
557,677228873407442944,3212,1467
558,677269281705472000,1798,636
559,677301033169788928,1114,354
560,677314812125323265,1499,471
561,677328882937298944,3338,1345
562,677331501395156992,987,209
563,677334615166730240,1228,253
564,677335745548390400,2764,1550
565,677530072887205888,967,204
566,677547928504967168,6327,3294
567,677557565589463040,2221,1017
568,677565715327688705,1191,411
569,677573743309385728,1939,600
570,677644091929329666,1713,727
571,677662372920729601,1778,842
572,677673981332312066,3036,1350
573,677687604918272002,2260,755
574,677698403548192770,1117,286
575,677700003327029250,3114,1291
576,677716515794329600,2785,877
577,677895101218201600,4400,1844
578,677918531514703872,1218,364
579,677961670166224897,3136,1523
580,678021115718029313,12383,5634
581,678023323247357953,1743,341
582,678255464182861824,1452,328
583,678278586130948096,10418,5496
584,678334497360859136,1183,224
585,678341075375947776,1575,473
586,678380236862578688,2242,822
587,678389028614488064,1714,383
588,678396796259975168,1458,374
589,678399652199309312,73492,28565
590,678410210315247616,3827,1611
591,678424312106393600,5003,2278
592,678446151570427904,3654,1372
593,678643457146150913,1879,360
594,678675843183484930,2607,1320
595,678708137298427904,5131,2190
596,678740035362037760,3406,1488
597,678755239630127104,6489,2931
598,678764513869611008,1481,416
599,678767140346941444,3223,1228
600,678774928607469569,2573,821
601,678798276842360832,3165,1030
602,678800283649069056,2355,821
603,678969228704284672,1498,409
604,678991772295516161,2070,1017
605,679001094530465792,2598,1095
606,679047485189439488,2057,587
607,679062614270468097,15485,7212
608,679111216690831360,5438,2314
609,679132435750195208,2707,1035
610,679148763231985668,2556,926
611,679158373988876288,19437,7246
612,679405845277462528,2165,1073
613,679462823135686656,29427,17019
614,679475951516934144,1927,585
615,679503373272485890,2918,1338
616,679511351870550016,3073,1146
617,679527802031484928,2427,653
618,679530280114372609,4375,1885
619,679722016581222400,1537,426
620,679729593985699840,1991,749
621,679736210798047232,1915,718
622,679777920601223168,2857,997
623,679828447187857408,33171,12600
624,679844490799091713,2187,687
625,679854723806179328,2610,1102
626,679862121895714818,2252,555
627,679872969355714560,2011,598
628,679877062409191424,1801,581
629,680070545539371008,2388,775
630,680085611152338944,11762,8148
631,680100725817409536,3303,1252
632,680115823365742593,2499,828
633,680130881361686529,2119,857
634,680145970311643136,3315,1562
635,680161097740095489,2142,672
636,680176173301628928,3563,1397
637,680191257256136705,1981,441
638,680206703334408192,2592,1048
639,680221482581123072,1361,261
640,680440374763077632,1330,443
641,680473011644985345,2345,673
642,680494726643068929,1573,440
643,680497766108381184,3891,1734
644,680583894916304897,3308,1192
645,680609293079592961,2413,627
646,680798457301471234,2606,937
647,680801747103793152,2187,741
648,680805554198020098,1980,607
649,680836378243002368,3191,1185
650,680889648562991104,1613,325
651,680913438424612864,2215,563
652,680934982542561280,1920,394
653,680940246314430465,2925,937
654,680959110691590145,4222,1822
655,680970795137544192,2215,585
656,681193455364796417,3420,1338
657,681231109724700672,2242,441
658,681242418453299201,1357,471
659,681261549936340994,1334,236
660,681281657291280384,2966,997
661,681297372102656000,2962,857
662,681302363064414209,3602,1623
663,681320187870711809,2413,672
664,681339448655802368,8565,3707
665,681340665377193984,1516,245
666,681523177663676416,13180,5209
667,681579835668455424,3255,1178
668,681610798867845120,1733,418
669,681654059175129088,2424,819
670,681679526984871937,1627,399
671,681694085539872773,11818,3694
672,681891461017812993,2274,746
673,681981167097122816,2599,921
674,682003177596559360,2873,1371
675,682032003584274432,6065,1795
676,682047327939461121,2953,848
677,682059653698686977,4543,1528
678,682088079302213632,16805,8904
679,682242692827447297,2970,1040
680,682259524040966145,3815,1079
681,682303737705140231,2826,885
682,682389078323662849,1542,424
683,682393905736888321,2077,598
684,682406705142087680,6972,1589
685,682429480204398592,3181,1045
686,682638830361513985,1913,535
687,682662431982772225,2819,988
688,682697186228989953,1217,332
689,682750546109968385,1405,398
690,682788441537560576,2285,1019
691,682808988178739200,1628,154
692,682962037429899265,33818,14896
693,683030066213818368,1999,670
694,683078886620553216,1858,520
695,683098815881154561,2000,589
696,683111407806746624,3147,818
697,683142553609318400,2648,937
698,683357973142474752,2671,824
699,683391852557561860,7053,2180
700,683449695444799489,3582,1458
701,683462770029932544,2241,620
702,683481228088049664,2452,904
703,683498322573824003,2935,874
704,683515932363329536,6794,2617
705,683742671509258241,5984,3006
706,683773439333797890,3079,1221
707,683828599284170753,2591,972
708,683834909291606017,2414,1023
709,683849932751646720,2416,855
710,683852578183077888,1797,316
711,683857920510050305,3528,1021
712,684097758874210310,3796,1299
713,684122891630342144,1861,426
714,684147889187209216,2742,1371
715,684177701129875456,1866,594
716,684188786104872960,3226,1054
717,684195085588783105,1764,457
718,684200372118904832,1986,945
719,684222868335505415,3520,1241
720,684225744407494656,1149,184
721,684241637099323392,7492,2952
722,684460069371654144,1818,503
723,684481074559381504,3571,1071
724,684538444857667585,2438,855
725,684567543613382656,2762,1104
726,684588130326986752,3814,1280
727,684594889858887680,8195,3170
728,684800227459624960,2518,905
729,684830982659280897,32378,19705
730,684880619965411328,1926,727
731,684902183876321280,1719,466
732,684914660081053696,3225,1323
733,684926975086034944,3225,417
734,684940049151070208,2964,946
735,684959798585110529,6297,2816
736,684969860808454144,2216,328
737,685169283572338688,3785,1280
738,685198997565345792,2141,589
739,685268753634967552,2844,1077
740,685307451701334016,1928,397
741,685315239903100929,3033,944
742,685321586178670592,2447,579
743,685325112850124800,8685,3588
744,685532292383666176,2812,1047
745,685547936038666240,30401,14143
746,685641971164143616,2696,700
747,685663452032069632,2974,1335
748,685667379192414208,2185,510
749,685681090388975616,1887,110
750,685906723014619143,6905,2594
751,685943807276412928,1498,536
752,685973236358713344,1941,477
753,686003207160610816,1684,563
754,686007916130873345,2282,366
755,686034024800862208,2849,1038
756,686035780142297088,1062,104
757,686050296934563840,2067,664
758,686286779679375361,3725,1525
759,686358356425093120,1998,602
760,686377065986265092,2051,514
761,686386521809772549,3011,791
762,686394059078897668,1596,632
763,686606069955735556,1753,492
764,686618349602762752,3414,1239
765,686683045143953408,2610,733
766,686730991906516992,3812,1090
767,686749460672679938,3205,1320
768,686760001961103360,3242,1258
769,686947101016735744,7996,2903
770,687096057537363968,2079,552
771,687102708889812993,2171,872
772,687109925361856513,5366,2235
773,687124485711986689,2021,462
774,687127927494963200,4976,2054
775,687312378585812992,4016,1735
776,687317306314240000,18672,8356
777,687399393394311168,1752,555
778,687460506001633280,1908,492
779,687476254459715584,1832,483
780,687480748861947905,1477,222
781,687494652870668288,1760,529
782,687664829264453632,1804,471
783,687704180304273409,2246,767
784,687732144991551489,1625,597
785,687807801670897665,2200,660
786,687818504314159109,2281,866
787,687826841265172480,2526,1011
788,687841446767013888,5025,2255
789,688064179421470721,1600,324
790,688116655151435777,2615,700
791,688179443353796608,1981,532
792,688211956440801280,2081,759
793,688385280030670848,8564,4083
794,688519176466644993,2154,660
795,688547210804498433,2404,627
796,688789766343622656,2059,604
797,688804835492233216,889,170
798,688828561667567616,1278,325
799,688894073864884227,2061,622
800,688898160958271489,1933,711
801,688908934925697024,1943,708
802,688916208532455424,2502,773
803,689143371370250240,1868,456
804,689154315265683456,2860,898
805,689255633275777024,2355,977
806,689275259254616065,1055,225
807,689280876073582592,1827,642
808,689283819090870273,3024,1005
809,689289219123089408,2074,849
810,689517482558820352,3135,1299
811,689557536375177216,1903,404
812,689599056876867584,10785,5025
813,689623661272240129,2043,581
814,689659372465688576,9540,3482
815,689661964914655233,3001,852
816,689835978131935233,2019,689
817,689877686181715968,2806,1045
818,689905486972461056,2262,623
819,689977555533848577,1271,410
820,689993469801164801,1348,407
821,689999384604450816,1306,329
822,690005060500217858,3393,1539
823,690015576308211712,2312,662
824,690021994562220032,2584,923
825,690248561355657216,1543,370
826,690348396616552449,1372,463
827,690360449368465409,2454,795
828,690374419777196032,2974,763
829,690400367696297985,1746,406
830,690597161306841088,1789,548
831,690607260360429569,279,14
832,690649993829576704,1202,250
833,690690673629138944,2157,750
834,690728923253055490,2007,466
835,690735892932222976,3508,1154
836,690932576555528194,3032,910
837,690938899477221376,3778,1753
838,690959652130045952,3321,1118
839,690989312272396288,5454,2618
840,691090071332753408,1606,307
841,691096613310316544,2766,796
842,691321916024623104,2392,601
843,691416866452082688,17880,6927
844,691444869282295808,2438,753
845,691459709405118465,3738,1027
846,691483041324204033,2204,502
847,691675652215414786,1797,460
848,691756958957883396,2605,889
849,691793053716221953,7495,3835
850,691820333922455552,3660,1498
851,692017291282812928,2676,873
852,692041934689402880,3128,1134
853,692142790915014657,1513,355
854,692158366030913536,1973,719
855,692187005137076224,2340,747
856,692417313023332352,8667,3143
857,692423280028966913,1365,198
858,692530551048294401,1706,369
859,692535307825213440,2910,1237
860,692568918515392513,4039,1395
861,692752401762250755,6296,3309
862,692828166163931137,2663,797
863,692894228850999298,2088,718
864,692901601640583168,1620,539
865,692905862751522816,2240,791
866,692919143163629568,2504,699
867,693095443459342336,1705,406
868,693109034023534592,1569,551
869,693155686491000832,7274,2901
870,693231807727280129,2659,671
871,693262851218264065,2051,452
872,693267061318012928,2202,733
873,693280720173801472,3091,1126
874,693486665285931008,1632,571
875,693582294167244802,1522,223
876,693590843962331137,4668,1783
877,693622659251335168,1421,338
878,693629975228977152,2264,722
879,693642232151285760,2359,377
880,693644216740769793,1267,115
881,693647888581312512,2480,520
882,693942351086120961,1628,330
883,693993230313091072,1738,359
884,694001791655137281,3142,925
885,694183373896572928,2711,843
886,694206574471057408,3823,1858
887,694329668942569472,1828,449
888,694342028726001664,1465,432
889,694352839993344000,1884,542
890,694356675654983680,1387,251
891,694669722378485760,33075,13099
892,694905863685980160,2538,837
893,694925794720792577,2500,822
894,695051054296211456,2437,718
895,695064344191721472,1479,529
896,695074328191332352,2615,998
897,695095422348574720,2461,551
898,695314793360662529,3341,1301
899,695409464418041856,8007,3253
900,695446424020918272,4100,1655
901,695629776980148225,4208,1897
902,695767669421768709,1712,666
903,695794761660297217,2920,709
904,695816827381944320,2767,1056
905,696100768806522880,1780,587
906,696405997980676096,2931,1054
907,696488710901260288,2315,930
908,696490539101908992,1136,127
909,696518437233913856,3641,1572
910,696713835009417216,2178,587
911,696744641916489729,1899,838
912,696754882863349760,1375,329
913,696877980375769088,2264,641
914,696886256886657024,4455,1630
915,696894894812565505,2172,620
916,696900204696625153,2925,941
917,697242256848379904,2333,618
918,697255105972801536,2853,1058
919,697259378236399616,3044,906
920,697270446429966336,4351,1718
921,697463031882764288,3172,1274
922,697482927769255936,2241,603
923,697516214579523584,1879,995
924,697575480820686848,1891,455
925,697596423848730625,2785,1134
926,697616773278015490,2897,925
927,697630435728322560,1604,498
928,697881462549430272,2786,1056
929,697943111201378304,2207,618
930,697990423684476929,3020,1173
931,697995514407682048,1414,305
932,698178924120031232,2593,678
933,698195409219559425,15524,5458
934,698262614669991936,4410,1800
935,698342080612007937,2079,872
936,698355670425473025,1705,396
937,698549713696649216,2152,560
938,698635131305795584,1198,315
939,698703483621523456,1328,337
940,698710712454139905,2276,618
941,698907974262222848,2343,556
942,698953797952008193,2489,831
943,698989035503689728,3088,878
944,699036661657767936,2407,1093
945,699060279947165696,3433,1624
946,699072405256409088,2724,1081
947,699079609774645248,2261,574
948,699088579889332224,2092,565
949,699323444782047232,2910,784
950,699370870310113280,1754,393
951,699413908797464576,1933,571
952,699423671849451520,1252,289
953,699434518667751424,2032,468
954,699446877801091073,5520,2401
955,699691744225525762,9479,4165
956,699775878809702401,1812,539
957,699779630832685056,2510,1110
958,699788877217865730,2065,470
959,699801817392291840,2781,851
960,700002074055016451,3033,1204
961,700029284593901568,1919,531
962,700062718104104960,2452,613
963,700143752053182464,6938,2440
964,700151421916807169,2059,610
965,700167517596164096,2435,656
966,700462010979500032,3788,1625
967,700505138482569216,2111,522
968,700518061187723268,2399,723
969,700747788515020802,21049,8459
970,700796979434098688,2262,863
971,700847567345688576,2280,452
972,700864154249383937,2405,558
973,700890391244103680,2046,510
974,701214700881756160,11295,4641
975,701545186879471618,2456,550
976,701570477911896070,2582,841
977,701601587219795968,1928,416
978,701805642395348998,3130,1512
979,701889187134500865,3252,1256
980,701952816642965504,3545,930
981,701981390485725185,3166,892
982,702217446468493312,4398,1227
983,702276748847800320,2287,695
984,702321140488925184,3033,955
985,702332542343577600,2939,1387
986,702539513671897089,2650,872
987,702598099714314240,11347,3139
988,702671118226825216,2025,509
989,702684942141153280,2988,965
990,702899151802126337,1483,413
991,702932127499816960,2378,654
992,703041949650034688,24371,11337
993,703079050210877440,6824,2805
994,703268521220972544,1826,494
995,703356393781329922,1771,346
996,703382836347330562,3228,1033
997,703407252292673536,2261,624
998,703425003149250560,3506,1224
999,703611486317502464,3553,1385
1000,703631701117943808,2367,602
1001,703769065844768768,3020,1025
1002,703774238772166656,1709,405
1003,704054845121142784,2697,844
1004,704113298707505153,1719,520
1005,704134088924532736,1388,413
1006,704347321748819968,1449,314
1007,704364645503647744,7347,3233
1008,704480331685040129,3148,981
1009,704491224099647488,690,71
1010,704499785726889984,2666,908
1011,704761120771465216,6143,2633
1012,704819833553219584,2451,899
1013,704847917308362754,4711,1367
1014,704859558691414016,2076,477
1015,704871453724954624,3968,1018
1016,705066031337840642,2018,556
1017,705102439679201280,1966,475
1018,705223444686888960,2384,716
1019,705239209544720384,2779,679
1020,705428427625635840,3520,1524
1021,705442520700944385,4074,1463
1022,705475953783398401,2748,829
1023,705591895322394625,2920,1033
1024,705786532653883392,1798,468
1025,705898680587526145,2191,496
1026,705970349788291072,2932,799
1027,705975130514706432,2869,666
1028,706153300320784384,1365,345
1029,706166467411222528,4742,1456
1030,706169069255446529,3599,2005
1031,706265994973601792,2528,851
1032,706291001778950144,1572,439
1033,706310011488698368,19569,7151
1034,706346369204748288,3180,843
1035,706516534877929472,2878,931
1036,706538006853918722,3201,1297
1037,706593038911545345,1990,582
1038,706644897839910912,2355,988
1039,706681918348251136,3029,895
1040,706901761596989440,1890,526
1041,706904523814649856,13452,7123
1042,707014260413456384,2121,543
1043,707021089608753152,3741,1225
1044,707038192327901184,2020,719
1045,707059547140169728,2406,619
1046,707297311098011648,2585,712
1047,707315916783140866,2289,579
1048,707377100785885184,3019,977
1049,707387676719185920,3222,1150
1050,707411934438625280,2120,546
1051,707420581654872064,2076,635
1052,707610948723478529,15632,5733
1053,707629649552134146,2359,788
1054,707693576495472641,3129,918
1055,707738799544082433,3741,2206
1056,707741517457260545,2295,556
1057,707776935007539200,3015,874
1058,707969809498152960,2492,869
1059,707983188426153984,45,2
1060,707995814724026368,2880,1017
1061,708026248782585858,4074,1754
1062,708109389455101952,1804,502
1063,708119489313951744,2488,898
1064,708130923141795840,3105,785
1065,708149363256774660,3993,1414
1066,708349470027751425,2192,677
1067,708356463048204288,3308,1200
1068,708400866336894977,14699,9086
1069,708469915515297792,2858,733
1070,708479650088034305,2349,618
1071,708711088997666817,2344,640
1072,708738143638450176,2547,741
1073,708810915978854401,15255,6264
1074,708834316713893888,1556,450
1075,708845821941387268,2745,806
1076,708853462201716736,1670,595
1077,709042156699303936,4346,1482
1078,709158332880297985,1882,366
1079,709179584944730112,1857,611
1080,709198395643068416,2272,591
1081,709207347839836162,11437,5192
1082,709225125749587968,2215,522
1083,709409458133323776,2431,617
1084,709449600415961088,2029,519
1085,709519240576036864,1389,219
1086,709556954897764353,3028,975
1087,709566166965075968,3262,1075
1088,709852847387627521,3244,1092
1089,709901256215666688,609,92
1090,709918798883774466,3232,995
1091,710117014656950272,5036,1785
1092,710140971284037632,2522,805
1093,710153181850935296,2688,814
1094,710269109699739648,2205,1018
1095,710272297844797440,4156,1144
1096,710283270106132480,1998,481
1097,710296729921429505,2204,672
1098,710588934686908417,4184,1699
1099,710609963652087808,4441,2160
1100,710658690886586372,2145,515
1101,710833117892898816,2475,476
1102,710844581445812225,2358,614
1103,710997087345876993,4227,1267
1104,711008018775851008,2748,559
1105,711306686208872448,3060,680
1106,711363825979756544,3332,1019
1107,711652651650457602,3555,822
1108,711694788429553666,30309,16657
1109,711732680602345472,8096,3701
1110,711743778164514816,2624,912
1111,711968124745228288,7428,2097
1112,711998809858043904,0,122
1113,712065007010385924,2078,570
1114,712085617388212225,3022,437
1115,712092745624633345,2717,814
1116,712097430750289920,3468,938
1117,712309440758808576,222,24
1118,712438159032893441,4916,1422
1119,712668654853337088,3836,1102
1120,712717840512598017,11344,4516
1121,712809025985978368,17584,6101
1122,713175907180089344,4098,1334
1123,713177543487135744,6664,2600
1124,713411074226274305,4103,1188
1125,713761197720473600,4471,1244
1126,713900603437621249,2627,665
1127,713909862279876608,1753,486
1128,713919462244790272,3050,723
1129,714141408463036416,4013,1284
1130,714214115368108032,2118,800
1131,714251586676113411,3031,762
1132,714258258790387713,2830,671
1133,714485234495041536,2462,1011
1134,714606013974974464,3352,833
1135,714631576617938945,3023,900
1136,714957620017307648,3824,1284
1137,714962719905021952,6763,3845
1138,714982300363173890,3440,937
1139,715009755312439296,3824,1107
1140,715200624753819648,4763,1688
1141,715220193576927233,2215,590
1142,715342466308784130,2799,627
1143,715360349751484417,5044,1412
1144,715680795826982913,3979,1446
1145,715696743237730304,3617,1170
1146,715704790270025728,2567,514
1147,715733265223708672,4294,1531
1148,715758151270801409,3424,1290
1149,715928423106027520,2938,796
1150,716080869887381504,6264,1710
1151,716285507865542656,2562,969
1152,716439118184652801,2200,191
1153,716447146686459905,12035,5322
1154,716730379797970944,1136,397
1155,716791146589110272,7755,1459
1156,716802964044845056,3972,1051
1157,717009362452090881,2988,872
1158,717047459982213120,5813,1742
1159,717421804990701568,2898,759
1160,717428917016076293,1479,408
1161,717537687239008257,5329,1666
1162,717790033953034240,2637,990
1163,717841801130979328,2278,545
1164,718234618122661888,3575,914
1165,718246886998687744,1766,448
1166,718454725339934721,4513,1383
1167,718460005985447936,2513,477
1168,718540630683709445,2245,926
1169,718613305783398402,2263,430
1170,718631497683582976,17381,7244
1171,718939241951195136,4811,1587
1172,718971898235854848,3215,986
1173,719332531645071360,3184,859
1174,719339463458033665,4112,1121
1175,719367763014393856,2604,691
1176,719551379208073216,4653,1715
1177,719704490224398336,4187,1301
1178,719991154352222208,4493,1598
1179,720043174954147842,4582,1820
1180,720059472081784833,3564,1021
1181,720340705894408192,2630,879
1182,720389942216527872,5880,2267
1183,720415127506415616,3800,1365
1184,720775346191278080,2258,570
1185,720785406564900865,2866,700
1186,721001180231503872,2350,551
1187,721503162398597120,4236,1649
1188,722613351520608256,4595,1496
1189,722974582966214656,3775,1438
1190,723179728551723008,4870,1692
1191,723673163800948736,2795,816
1192,723688335806480385,7045,2646
1193,723912936180330496,3598,1127
1194,724004602748780546,3840,1395
1195,724046343203856385,2456,513
1196,724049859469295616,3986,1622
1197,724405726123311104,4878,1515
1198,724771698126512129,2162,568
1199,724983749226668032,3450,1170
1200,725458796924002305,1306,557
1201,725729321944506368,4802,1609
1202,725786712245440512,3856,1248
1203,725842289046749185,6533,2421
1204,726224900189511680,4085,1044
1205,726828223124897792,3310,920
1206,726887082820554753,3534,1370
1207,726935089318363137,6315,2209
1208,727155742655025152,3337,1201
1209,727175381690781696,3601,1246
1210,727286334147182592,2831,747
1211,727314416056803329,3070,673
1212,727524757080539137,4118,1088
1213,727644517743104000,5399,1590
1214,727685679342333952,2734,576
1215,728015554473250816,3795,992
1216,728035342121635841,4168,1514
1217,728046963732717569,3948,1086
1218,728387165835677696,3428,878
1219,728409960103686147,4507,1827
1220,728653952833728512,3064,948
1221,728751179681943552,2552,617
1222,728760639972315136,4302,1547
1223,728986383096946689,2893,742
1224,729113531270991872,1744,288
1225,729463711119904772,5325,2098
1226,729823566028484608,3662,1127
1227,729838605770891264,1605,338
1228,729854734790754305,3722,1017
1229,730196704625098752,4452,1708
1230,730211855403241472,3506,959
1231,730427201120833536,3208,941
1232,730573383004487680,4470,1917
1233,730924654643314689,5652,1791
1234,731156023742988288,3551,1143
1235,731285275100512256,3222,902
1236,732005617171337216,13705,4877
1237,732375214819057664,7439,2284
1238,732585889486888962,3365,713
1239,732726085725589504,3296,799
1240,732732193018155009,2233,483
1241,733109485275860992,49380,15531
1242,733460102733135873,3873,1139
1243,733482008106668032,2883,854
1244,733822306246479872,3388,930
1245,733828123016450049,3309,718
1246,734559631394082816,1377,355
1247,734776360183431168,2325,489
1248,734787690684657664,11574,5761
1249,734912297295085568,2549,472
1250,735137028879360001,2885,884
1251,735256018284875776,3070,803
1252,735274964362878976,12047,4551
1253,735635087207878657,5671,2143
1254,735648611367784448,3732,1014
1255,735991953473572864,3301,1037
1256,736010884653420544,7261,2706
1257,736225175608430592,7499,2550
1258,736365877722001409,3680,1116
1259,736392552031657984,16351,6662
1260,736736130620620800,3889,1543
1261,737310737551491075,13544,6757
1262,737322739594330112,3325,736
1263,737445876994609152,9457,4063
1264,737678689543020544,4636,1202
1265,737800304142471168,9274,3173
1266,737826014890496000,4837,1611
1267,738156290900254721,2286,586
1268,738166403467907072,8087,3040
1269,738184450748633089,3978,1107
1270,738402415918125056,3015,743
1271,738537504001953792,4704,1396
1272,738883359779196928,3050,723
1273,738885046782832640,3502,1045
1274,738891149612572673,90,6
1275,739238157791694849,107198,52877
1276,739485634323156992,6607,2644
1277,739544079319588864,36495,19276
1278,739606147276148736,4995,1495
1279,739623569819336705,3497,1241
1280,739844404073074688,3531,790
1281,739932936087216128,3760,987
1282,739979191639244800,18517,5382
1283,740214038584557568,6190,1790
1284,740359016048689152,3051,798
1285,740365076218183684,2249,389
1286,740373189193256964,32591,12137
1287,740676976021798912,16852,6217
1288,740699697422163968,2651,710
1289,740711788199743490,3151,864
1290,740995100998766593,5833,2473
1291,741067306818797568,8869,2816
1292,741099773336379392,9232,5025
1293,741303864243200000,8134,2923
1294,741438259667034112,3420,747
1295,741743634094141440,7552,2499
1296,741793263812808706,4216,1386
1297,742150209887731712,4718,1402
1298,742161199639494656,4006,1248
1299,742385895052087300,6292,1779
1300,742423170473463808,9102,3423
1301,742465774154047488,6761,3607
1302,742528092657332225,4109,1795
1303,742534281772302336,6571,3284
1304,743210557239623680,3561,1237
1305,743222593470234624,5734,1741
1306,743253157753532416,3933,1124
1307,743510151680958465,7418,3419
1308,743545585370791937,3282,862
1309,743595368194129920,16978,5967
1310,743609206067040256,4162,1269
1311,743835915802583040,0,1873
1312,743895849529389061,3409,879
1313,743980027717509120,3900,1005
1314,744223424764059648,1534,326
1315,744234799360020481,144801,70673
1316,744334592493166593,6340,1936
1317,744709971296780288,5229,1438
1318,744971049620602880,7312,2446
1319,744995568523612160,2750,569
1320,745057283344719872,6759,2056
1321,745074613265149952,7279,3187
1322,745314880350101504,6614,2478
1323,745422732645535745,7952,2206
1324,745433870967832576,6547,2312
1325,745712589599014916,6514,2130
1326,745789745784041472,3674,965
1327,746056683365994496,3321,741
1328,746131877086527488,6397,2004
1329,746369468511756288,5766,1488
1330,746507379341139972,4346,991
1331,746521445350707200,0,901
1332,746542875601690625,4698,1748
1333,746726898085036033,5638,1639
1334,746757706116112384,8857,3557
1335,746790600704425984,4527,1464
1336,746818907684614144,4954,1597
1337,746872823977771008,5581,1948
1338,746906459439529985,2724,271
1339,747103485104099331,8895,3626
1340,747204161125646336,3128,832
1341,747219827526344708,4895,1442
1342,747242308580548608,0,2633
1343,747439450712596480,5043,1751
1344,747461612269887489,3596,949
1345,747512671126323200,5131,1477
1346,747594051852075008,3427,950
1347,747600769478692864,2172,523
1348,747648653817413632,11976,5328
1349,747651430853525504,1275,143
1350,747816857231626240,4504,1061
1351,747844099428986880,2628,677
1352,747885874273214464,2721,882
1353,747933425676525569,6176,2359
1354,747963614829678593,5386,1957
1355,748220828303695873,13146,7115
1356,748307329658011649,3449,655
1357,748324050481647620,3459,693
1358,748337862848962560,7066,3740
1359,748346686624440324,4858,1122
1360,748568946752774144,2048,610
1361,748575535303884801,5641,1812
1362,748692773788876800,3958,1229
1363,748699167502000129,4417,1460
1364,748705597323898880,2587,879
1365,748932637671223296,5408,2061
1366,748977405889503236,10030,3131
1367,749036806121881602,2884,731
1368,749064354620928000,4504,1407
1369,749075273010798592,5372,1887
1370,749317047558017024,5096,2048
1371,749395845976588288,7958,3156
1372,749403093750648834,2438,492
1373,749417653287129088,5692,1514
1374,749774190421639168,4357,1211
1375,749981277374128128,4787,2278
1376,749996283729883136,2837,756
1377,750011400160841729,3012,820
1378,750026558547456000,2532,719
1379,750041628174217216,2968,567
1380,750056684286914561,2957,820
1381,750071704093859840,7257,3033
1382,750086836815486976,2027,491
1383,750101899009982464,2849,777
1384,750117059602808832,4058,1209
1385,750132105863102464,3372,1182
1386,750147208377409536,2912,875
1387,750381685133418496,670,27
1388,750383411068534784,4265,1042
1389,750429297815552001,12300,3920
1390,750506206503038976,4143,1055
1391,750719632563142656,12262,4591
1392,750868782890057730,4464,1251
1393,751132876104687617,4726,1187
1394,751205363882532864,5905,1666
1395,751251247299190784,11744,5394
1396,751456908746354688,3011,925
1397,751538714308972544,4726,1148
1398,751583847268179968,4110,1004
1399,751598357617971201,7416,2831
1400,751793661361422336,5400,2618
1401,751830394383790080,5444,1786
1402,751937170840121344,4836,1199
1403,751950017322246144,2853,832
1404,752173152931807232,5552,1671
1405,752309394570878976,0,14897
1406,752334515931054080,3595,1009
1407,752519690950500352,6866,3157
1408,752568224206688256,5117,2086
1409,752660715232722944,4078,1423
1410,752682090207055872,5610,1459
1411,752701944171524096,0,2617
1412,752917284578922496,6513,1443
1413,752932432744185856,11757,6297
1414,753026973505581056,3658,877
1415,753039830821511168,34618,19190
1416,753294487569522689,3128,960
1417,753298634498793472,0,5209
1418,753375668877008896,7149,2136
1419,753398408988139520,5360,1731
1420,753420520834629632,7349,3235
1421,753655901052166144,5457,1994
1422,754120377874386944,7397,2163
1423,754449512966619136,3509,672
1424,754482103782404096,4940,1792
1425,754747087846248448,2420,477
1426,754856583969079297,6447,2310
1427,754874841593970688,0,7246
1428,755110668769038337,19756,10191
1429,755206590534418437,15315,4907
1430,755955933503782912,6828,2633
1431,756275833623502848,5983,1405
1432,756288534030475264,41225,16314
1433,756303284449767430,3701,1004
1434,756526248105566208,9716,3301
1435,756651752796094464,4703,1191
1436,756939218950160384,6221,1839
1437,756998049151549440,5875,1834
1438,757354760399941633,4207,1302
1439,757393109802180609,5451,1576
1440,757400162377592832,14147,6322
1441,757596066325864448,4070,958
1442,757597904299253760,0,278
1443,757611664640446465,4293,1009
1444,757725642876129280,4253,1112
1445,757729163776290825,0,7212
1446,757741869644341248,6418,3024
1447,758041019896193024,2532,339
1448,758099635764359168,17729,9147
1449,758355060040593408,3161,966
1450,758405701903519748,4878,1763
1451,758467244762497024,4477,2029
1452,758474966123810816,3562,914
1453,758740312047005698,5383,1499
1454,758828659922702336,10483,3556
1455,758854675097526272,3328,842
1456,759047813560868866,6074,1850
1457,759099523532779520,13628,3825
1458,759159934323924993,0,1067
1459,759197388317847553,5704,1804
1460,759446261539934208,1564,454
1461,759447681597108224,7945,2275
1462,759557299618865152,4404,1103
1463,759793422261743616,5585,1761
1464,759846353224826880,6300,1798
1465,759943073749200896,5531,1934
1466,760153949710192640,0,28
1467,760190180481531904,5351,1652
1468,760252756032651264,3711,797
1469,760290219849637889,25084,10573
1470,760521673607086080,3923,1287
1471,760539183865880579,7082,3342
1472,760641137271070720,4681,1190
1473,760656994973933572,6183,1751
1474,760893934457552897,3576,889
1475,761004547850530816,10652,3213
1476,761227390836215808,5001,1446
1477,761292947749015552,4192,1000
1478,761334018830917632,4831,1338
1479,761371037149827077,0,16657
1480,761599872357261312,3885,1101
1481,761672994376806400,46291,26746
1482,761745352076779520,4020,794
1483,761750502866649088,0,3588
1484,761976711479193600,5049,1826
1485,762035686371364864,29813,14305
1486,762316489655476224,4502,1028
1487,762464539388485633,9650,3833
1488,762471784394268675,10511,5915
1489,762699858130116608,11367,3310
1490,763103485927849985,6934,2123
1491,763167063695355904,0,2752
1492,763183847194451968,5060,1359
1493,763837565564780549,11763,3815
1494,763956972077010945,733,50
1495,764259802650378240,5641,1392
1496,764857477905154048,6083,1647
1497,765222098633691136,10929,3118
1498,765371061932261376,6681,2005
1499,765395769549590528,25126,3116
1500,765669560888528897,4855,1131
1501,765719909049503744,6806,1993
1502,766008592277377025,3537,460
1503,766069199026450432,3945,774
1504,766078092750233600,0,2421
1505,766313316352462849,6347,1732
1506,766423258543644672,5637,1459
1507,766693177336135680,3796,730
1508,766714921925144576,2465,347
1509,766793450729734144,4750,1259
1510,767122157629476866,9554,2646
1511,767191397493538821,11537,3477
1512,767500508068192258,7052,2150
1513,767754930266464257,14984,4955
1514,767884188863397888,4468,1265
1515,768193404517830656,10191,3266
1516,768473857036525572,12774,3157
1517,768554158521745409,0,5382
1518,768596291618299904,4736,1187
1519,768609597686943744,3857,1098
1520,768855141948723200,3934,825
1521,768909767477751808,0,2440
1522,768970937022709760,13404,6000
1523,769212283578875904,5079,1599
1524,769335591808995329,0,7123
1525,769695466921623552,6047,1561
1526,769940425801170949,29297,8831
1527,770069151037685760,7147,2123
1528,770093767776997377,0,2816
1529,770293558247038976,5853,1354
1530,770414278348247044,5945,1926
1531,770655142660169732,6923,1666
1532,770772759874076672,4889,1325
1533,770787852854652928,4623,1103
1534,771014301343748096,6487,1538
1535,771102124360998913,5862,1331
1536,771136648247640064,8608,2708
1537,771171053431250945,0,6890
1538,771380798096281600,9922,4668
1539,771500966810099713,7779,2419
1540,771770456517009408,11288,3137
1541,771908950375665664,6187,1756
1542,772102971039580160,3773,865
1543,772114945936949249,2583,439
1544,772117678702071809,3555,687
1545,772152991789019136,3590,1052
1546,772193107915964416,5681,1289
1547,772581559778025472,6111,1585
1548,772615324260794368,0,3118
1549,772826264096874500,7568,2208
1550,772877495989305348,8048,3578
1551,773191612633579521,9397,3801
1552,773247561583001600,8880,3001
1553,773308824254029826,21980,6946
1554,773336787167145985,0,4668
1555,773547596996571136,20824,5693
1556,773670353721753600,5055,1222
1557,773704687002451968,6236,1497
1558,773922284943896577,6059,1626
1559,773985732834758656,10158,3587
1560,774314403806253056,20538,5087
1561,774639387460112384,6365,1614
1562,774757898236878852,8131,1656
1563,775085132600442880,14623,4370
1564,775350846108426240,9579,3627
1565,775364825476165632,6946,2713
1566,775729183532220416,12263,4278
1567,775733305207554048,13078,3696
1568,775842724423557120,11036,2465
1569,775898661951791106,0,15531
1570,776088319444877312,1713,141
1571,776113305656188928,11108,4021
1572,776201521193218049,9025,2334
1573,776218204058357768,28100,14713
1574,776249906839351296,0,8459
1575,776477788987613185,8248,2559
1576,776813020089548800,4603,1112
1577,776819012571455488,0,12600
1578,777189768882946048,13318,3984
1579,777621514455814149,8218,2338
1580,777641927919427584,0,3920
1581,777684233540206592,10623,2725
1582,777885040357281792,5998,1514
1583,777953400541634568,0,3266
1584,778027034220126208,6193,1492
1585,778039087836069888,7994,2466
1586,778286810187399168,9743,3060
1587,778383385161035776,5506,1019
1588,778396591732486144,0,11337
1589,778408200802557953,12871,4004
1590,778624900596654080,4340,942
1591,778650543019483137,5424,1391
1592,778748913645780993,6464,1205
1593,778764940568104960,819,338
1594,778774459159379968,0,9147
1595,778990705243029504,18752,6655
1596,779056095788752897,13893,4210
1597,779124354206535695,0,17019
1598,779377524342161408,8253,2885
1599,779834332596887552,17765,6502
1600,780074436359819264,11435,4568
1601,780092040432480260,0,2136
1602,780192070812196864,8213,2087
1603,780459368902959104,4999,1002
1604,780476555013349377,0,103
1605,780496263422808064,0,3423
1606,780543529827336192,5943,1627
1607,780601303617732608,11423,3127
1608,780800785462489090,5198,1201
1609,780858289093574656,6804,1864
1610,780931614150983680,20492,6738
1611,781163403222056960,9271,2580
1612,781251288990355457,7927,1929
1613,781308096455073793,6753,2385
1614,781524693396357120,19590,5143
1615,781655249211752448,3784,1053
1616,781661882474196992,9880,2527
1617,781955203444699136,10570,3136
1618,782021823840026624,0,5733
1619,782305867769217024,15710,5128
1620,782598640137187329,7382,1765
1621,782722598790725632,16298,5012
1622,782747134529531904,7066,1318
1623,782969140009107456,22812,6888
1624,783085703974514689,7737,2019
1625,783334639985389568,27488,10880
1626,783347506784731136,0,5142
1627,783391753726550016,15999,5091
1628,783466772167098368,7982,2076
1629,783695101801398276,9872,2990
1630,783821107061198850,6986,1829
1631,783839966405230592,28394,10041
1632,784057939640352768,28107,10355
1633,784183165795655680,18953,7472
1634,784431430411685888,5444,1183
1635,784517518371221505,8500,2364
1636,784826020293709826,9574,3010
1637,785170936622350336,11382,4498
1638,785264754247995392,6905,1518
1639,785515384317313025,5794,1165
1640,785533386513321988,8593,1839
1641,785639753186217984,7456,2106
1642,785872687017132033,6343,1673
1643,785927819176054784,10814,2989
1644,786036967502913536,0,6502
1645,786051337297522688,1353,147
1646,786233965241827333,14412,4376
1647,786286427768250368,7561,2645
1648,786363235746385920,10276,3218
1649,786595970293370880,8979,2916
1650,786664955043049472,10048,2364
1651,786709082849828864,17369,5730
1652,786729988674449408,0,2275
1653,786963064373534720,25281,7427
1654,787111942498508800,0,6297
1655,787322443945877504,7396,1627
1656,787397959788929025,10332,2668
1657,787717603741622272,9710,2586
1658,787810552592695296,8153,2839
1659,788039637453406209,5795,1229
1660,788070120937619456,0,3213
1661,788150585577050112,5802,1199
1662,788178268662984705,6899,1979
1663,788412144018661376,14719,4924
1664,788552643979468800,0,6662
1665,788765914992902144,25909,9661
1666,788908386943430656,26072,11711
1667,789137962068021249,9225,2608
1668,789268448748703744,8660,2447
1669,789280767834746880,0,4591
1670,789314372632018944,8197,2138
1671,789530877013393408,11093,3156
1672,789599242079838210,6378,1795
1673,789628658055020548,7081,1649
1674,789903600034189313,9780,3884
1675,789960241177853952,0,3833
1676,789986466051088384,8810,2144
1677,790227638568808452,0,3310
1678,790277117346975746,11903,2956
1679,790337589677002753,7424,1769
1680,790581949425475584,19567,6649
1681,790698755171364864,7804,1806
1682,790723298204217344,0,2144
1683,790946055508652032,15858,4387
1684,790987426131050500,9309,1989
1685,791026214425268224,0,3815
1686,791312159183634433,8321,2366
1687,791406955684368384,12488,3856
1688,791672322847637504,11148,2925
1689,791774931465953280,42765,20766
1690,791780927877898241,0,3557
1691,791784077045166082,0,8904
1692,791821351946420224,0,19705
1693,792050063153438720,6775,1672
1694,792394556390137856,12718,4015
1695,792773781206999040,6998,1571
1696,792883833364439040,10711,4004
1697,792913359805018113,13598,3716
1698,793120401413079041,12029,3688
1699,793135492858580992,6086,2360
1700,793150605191548928,5856,1595
1701,793165685325201412,8909,2626
1702,793180763617361921,6562,1864
1703,793195938047070209,14456,5273
1704,793210959003287553,8478,2608
1705,793226087023144960,9286,2717
1706,793241302385262592,9990,3078
1707,793256262322548741,18934,7805
1708,793271401113350145,8255,2248
1709,793286476301799424,23359,8593
1710,793500921481273345,10125,2234
1711,793601777308463104,7580,1518
1712,793614319594401792,0,2925
1713,793845145112371200,8770,1746
1714,793962221541933056,15906,4576
1715,794205286408003585,8775,3112
1716,794332329137291264,9134,2537
1717,794355576146903043,0,9661
1718,794926597468000259,9682,2159
1719,794983741416415232,0,3156
1720,795076730285391872,15346,5103
1721,795400264262053889,9519,2684
1722,795464331001561088,46800,21971
1723,796031486298386433,10274,3500
1724,796080075804475393,8026,2166
1725,796116448414461957,8641,2252
1726,796125600683540480,4738,1684
1727,796149749086875649,30529,13372
1728,796177847564038144,0,13372
1729,796387464403357696,10466,3892
1730,796484825502875648,7188,1652
1731,796563435802726400,0,6738
1732,796759840936919040,11208,2833
1733,796865951799083009,7313,1828
1734,796904159865868288,0,8356
1735,797165961484890113,212,24
1736,797236660651966464,18940,6163
1737,797545162159308800,13882,4617
1738,797971864723324932,10958,2890
1739,798209839306514432,9930,2422
1740,798340744599797760,0,3137
1741,798576900688019456,0,5483
1742,798585098161549313,0,5273
1743,798628517273620480,0,1865
1744,798644042770751489,0,1746
1745,798665375516884993,0,3677
1746,798673117451325440,0,5222
1747,798682547630837760,0,4432
1748,798686750113755136,0,2180
1749,798694562394996736,0,4640
1750,798697898615730177,0,6101
1751,798701998996647937,0,7244
1752,798705661114773508,0,6217
1753,798925684722855936,7157,1362
1754,798933969379225600,12426,4160
1755,799063482566066176,7682,2341
1756,799297110730567681,9386,2564
1757,799308762079035393,0,5087
1758,799422933579902976,7684,1800
1759,799757965289017345,7976,2002
1760,799774291445383169,0,4370
1761,800018252395122689,26895,12313
1762,800141422401830912,14509,2392
1763,800188575492947969,0,3694
1764,800388270626521089,10619,2636
1765,800443802682937345,0,4021
1766,800459316964663297,9044,2060
1767,800513324630806528,12495,2830
1768,800751577355128832,10087,2634
1769,800855607700029440,0,1516
1770,800859414831898624,647,91
1771,801115127852503040,7676,1985
1772,801127390143516673,0,3696
1773,801167903437357056,23174,5514
1774,801285448605831168,5741,771
1775,801538201127157760,7817,1951
1776,801854953262350336,1726,219
1777,801958328846974976,7365,1596
1778,802185808107208704,0,251
1779,802239329049477120,8644,2459
1780,802265048156610565,6623,1295
1781,802323869084381190,15338,5478
1782,802572683846291456,8515,2356
1783,802600418706604034,6764,1381
1784,802624713319034886,0,2725
1785,802952499103731712,8576,1874
1786,803276597545603072,9553,2297
1787,803321560782307329,0,4955
1788,803380650405482500,7394,1768
1789,803638050916102144,10382,3885
1790,803692223237865472,0,6927
1791,803773340896923648,9559,2586
1792,804026241225523202,42063,15042
1793,804413760345620481,0,3010
1794,804475857670639616,5842,1891
1795,804738756058218496,12985,3601
1796,805207613751304193,7484,1628
1797,805487436403003392,8348,2380
1798,805520635690676224,5485,1550
1799,805823200554876929,0,7472
1800,805826884734976000,6243,1715
1801,805932879469572096,7884,1802
1802,805958939288408065,0,5012
1803,806219024703037440,6130,1134
1804,806242860592926720,0,10880
1805,806542213899489280,9737,2218
1806,806576416489959424,4663,1823
1807,806620845233815552,0,5143
1808,806629075125202948,70598,32377
1809,807010152071229440,12473,3628
1810,807059379405148160,0,6888
1811,807106840509214720,111615,51640
1812,807621403335917568,13852,3387
1813,808001312164028416,11849,3305
1814,808106460588765185,8388,2068
1815,808134635716833280,0,5514
1816,808344865868283904,40194,19447
1817,808501579447930884,10754,2454
1818,808733504066486276,7501,2033
1819,808838249661788160,9640,2864
1820,809084759137812480,12562,3305
1821,809220051211603969,18879,5247
1822,809448704142938112,6605,1370
1823,809808892968534016,0,4576
1824,809920764300447744,14780,3682
1825,810254108431155201,13972,3162
1826,810284430598270976,33313,10492
1827,810657578271330305,10429,2468
1828,810896069567610880,8542,1644
1829,810984652412424192,5054,1330
1830,811386762094317568,19863,5979
1831,811627233043480576,12074,2851
1832,811647686436880384,5318,682
1833,811744202451197953,7157,1476
1834,811985624773361665,6911,1311
1835,812372279581671427,12937,3424
1836,812466873996607488,7570,1800
1837,812503143955202048,5740,1148
1838,812709060537683968,6289,1352
1839,812781120811126785,7150,1787
1840,813051746834595840,19919,6856
1841,813066809284972545,7541,1827
1842,813081950185472002,9426,2595
1843,813096984823349248,10028,3385
1844,813112105746448384,9790,2566
1845,813127251579564032,11205,2919
1846,813130366689148928,4256,418
1847,813142292504645637,8081,2242
1848,813157409116065792,7378,2066
1849,813172488309972993,8805,1808
1850,813187593374461952,18826,4047
1851,813202720496779264,8767,1704
1852,813217897535406080,17688,6846
1853,813800681631023104,7881,1649
1854,813812741911748608,34629,13029
1855,813910438903693312,8854,1730
1856,813944609378369540,0,2956
1857,814153002265309185,27238,8111
1858,814530161257443328,8216,1739
1859,814578408554463233,0,5458
1860,814638523311648768,10687,2523
1861,814986499976527872,7253,1185
1862,815390420867969024,9825,3571
1863,815639385530101762,7821,1551
1864,815736392542261248,9303,2119
1865,815745968457060357,0,3856
1866,815966073409433600,21126,7861
1867,815990720817401858,4687,944
1868,816014286006976512,0,4877
1869,816062466425819140,0,944
1870,816091915477250048,8476,1987
1871,816336735214911488,8164,1802
1872,816450570814898180,28702,7458
1873,816697700272001025,9242,2055
1874,816816676327063552,9472,1893
1875,816829038950027264,0,4387
1876,817056546584727552,8134,1516
1877,817120970343411712,11545,2412
1878,817171292965273600,8308,1866
1879,817181837579653120,0,7861
1880,817415592588222464,5294,889
1881,817423860136083457,31851,13589
1882,817502432452313088,0,3143
1883,817536400337801217,11122,2728
1884,817777686764523521,10222,2521
1885,817827839487737858,48628,25120
1886,817908911860748288,4609,740
1887,818145370475810820,11613,2368
1888,818259473185828864,10420,2087
1889,818307523543449600,0,7458
1890,818536468981415936,10275,2271
1891,818588835076603904,0,5693
1892,818614493328580609,9297,2353
1893,818627210458333184,21224,7054
1894,818646164899774465,0,19447
1895,819004803107983360,82673,34533
1896,819006400881917954,43032,17793
1897,819015331746349057,0,17793
1898,819015337530290176,0,34533
1899,819227688460238848,21789,6238
1900,819238181065359361,2137,379
1901,819347104292290561,6838,1116
1902,819588359383371776,9160,1868
1903,819711362133872643,12612,2873
1904,819924195358416896,12235,4545
1905,819952236453363712,5016,1082
1906,820013781606658049,0,1082
1907,820078625395449857,18645,5789
1908,820314633777061888,3158,522
1909,820446719150292993,0,2392
1910,820494788566847489,0,522
1911,820690176645140481,11582,3002
1912,820749716845686786,29832,9206
1913,820837357901512704,0,6238
1914,821044531881721856,11953,2126
1915,821107785811234820,9063,1972
1916,821149554670182400,8108,1825
1917,821153421864615936,236,9
1918,821407182352777218,11102,3994
1919,821421320206483457,0,5128
1920,821522889702862852,7568,1631
1921,821765923262631936,7902,1556
1922,821813639212650496,0,3127
1923,821886076407029760,10679,2140
1924,822163064745328640,0,4376
1925,822244816520155136,33113,9226
1926,822462944365645825,26303,13144
1927,822489057087389700,17110,5954
1928,822610361945911296,13971,2734
1929,822647212903690241,0,5954
1930,822859134160621569,12452,2110
1931,822872901745569793,124065,39900
1932,822975315408461824,16366,3199
1933,823269594223824897,0,9226
1934,823322678127919110,14831,3717
1935,823333489516937216,662,22
1936,823581115634085888,12267,2443
1937,823699002998870016,13211,2334
1938,823719002937630720,0,10355
1939,823939628516474880,10056,2536
1940,824025158776213504,4574,558
1941,824297048279236611,14227,3566
1942,824325613288833024,11175,9883
1943,824663926340194305,9935,1643
1944,824775126675836928,14061,3274
1945,824796380199809024,0,5103
1946,825026590719483904,5909,1166
1947,825120256414846976,0,1166
1948,825147591692263424,17262,4183
1949,825535076884762624,53971,16348
1950,825829644528148480,12022,2334
1951,825876512159186944,9922,1736
1952,826115272272650244,14739,2872
1953,826204788643753985,4601,855
1954,826240494070030336,12531,2417
1955,826476773533745153,17366,3892
1956,826598365270007810,9450,2180
1957,826598799820865537,4861,230
1958,826615380357632002,0,3682
1959,826848821049180160,34051,9344
1960,826958653328592898,20323,4610
1961,827199976799354881,10003,2060
1962,827324948884643840,14943,2809
1963,827600520311402496,7062,864
1964,827653905312006145,14599,2793
1965,827933404142436356,18864,4836
1966,828011680017821696,9778,1993
1967,828046555563323392,11060,2657
1968,828361771580813312,2072,165
1969,828372645993398273,11871,2725
1970,828376505180889089,6990,995
1971,828381636999917570,11878,2060
1972,828408677031882754,7260,1186
1973,828409743546925057,6046,1079
1974,828650029636317184,8958,1238
1975,828708714936930305,34286,10333
1976,828770345708580865,24087,5399
1977,828801551087042563,0,3162
1978,829011960981237760,50297,15112
1979,829141528400556032,22928,6772
1980,829449946868879360,9889,1862
1981,829501995190984704,29908,9780
1982,829861396166877184,11533,1793
1983,829878982036299777,0,4610
1984,830097400375152640,9174,2698
1985,830173239259324417,0,5247
1986,830583320585068544,62475,15422
1987,830956169170665475,7519,1375
1988,831262627380748289,11171,1891
1989,831309418084069378,11109,2270
1990,831315979191906304,6179,1039
1991,831322785565769729,8755,1447
1992,831552930092285952,8462,2162
1993,831650051525054464,6688,1789
1994,831670449226514432,9796,1690
1995,831911600680497154,25877,5986
1996,831926988323639298,319,34
1997,831939777352105988,22498,5662
1998,832032802820481025,16792,4305
1999,832040443403784192,0,8831
2000,832088576586297345,59,2
2001,832215726631055365,0,8593
2002,832215909146226688,0,5730
2003,832273440279240704,10665,2149
2004,832369877331693569,16098,2924
2005,832397543355072512,11256,2038
2006,832636094638288896,14916,2564
2007,832645525019123713,2743,485
2008,832682457690300417,11156,2669
2009,832757312314028032,15863,3321
2010,832769181346996225,0,38
2011,832998151111966721,12451,2021
2012,833124694597443584,19008,4448
2013,833479644947025920,14024,1894
2014,833722901757046785,19713,2999
2015,833732339549220864,0,205
2016,833826103416520705,17093,3492
2017,833863086058651648,12640,2214
2018,834086379323871233,12257,2041
2019,834089966724603904,9460,1965
2020,834167344700198914,14852,3366
2021,834209720923721728,19272,4333
2022,834458053273591808,9043,1549
2023,834477809192075265,0,9780
2024,834574053763584002,12822,2316
2025,834786237630337024,20246,5110
2026,834931633769889797,10118,1492
2027,835152434251116546,20977,2763
2028,835172783151792128,24595,5301
2029,835246439529840640,1991,63
2030,835264098648616962,7245,1545
2031,835297930240217089,15453,2745
2032,835309094223372289,0,19190
2033,835536468978302976,0,1545
2034,835574547218894849,16674,3303
2035,835685285446955009,0,7427
2036,836001077879255040,17911,3896
2037,836260088725786625,19970,3984
2038,836380477523124226,13920,2747
2039,836397794269200385,0,25120
2040,836648853927522308,0,508
2041,836677758902222849,11860,2025
2042,836753516572119041,18154,4270
2043,836989968035819520,11962,2117
2044,837110210464448512,15076,2182
2045,837471256429613056,12003,2065
2046,837482249356513284,3615,408
2047,837820167694528512,31873,7163
2048,838083903487373313,16481,2847
2049,838085839343206401,133,1
2050,838150277551247360,1568,304
2051,838201503651401729,0,9206
2052,838476387338051585,21002,4349
2053,838561493054533637,10257,1233
2054,838831947270979586,0,10041
2055,838916489579200512,0,31
2056,838921590096166913,10430,1858
2057,838952994649550848,18389,3666
2058,839239871831150596,25263,5947
2059,839290600511926273,0,132
2060,839549326359670784,25605,7082
2061,839990271299457024,12546,2070
2062,840268004936019968,17922,5218
2063,840370681858686976,15346,4185
2064,840632337062862849,8437,1622
2065,840696689258311684,11497,891
2066,840698636975636481,165,2
2067,840728873075638272,0,14606
2068,840761248237133825,0,1622
2069,841077006473256960,21352,4890
2070,841314665196081154,14765,4241
2071,841320156043304961,18440,5026
2072,841439858740625411,11750,3331
2073,841680585030541313,24061,7165
2074,841833993020538882,0,13589
2075,842115215311396866,13049,2761
2076,842163532590374912,22755,5266
2077,842535590457499648,16938,3187
2078,842765311967449089,6301,1176
2079,842846295480000512,14227,3317
2080,843235543001513987,19994,5420
2081,843604394117681152,15725,2483
2082,843856843873095681,19983,4171
2083,843981021012017153,14135,2701
2084,844223788422217728,12708,1994
2085,844580511645339650,15300,2817
2086,844973813909606400,13944,2859
2087,844979544864018432,12689,2317
2088,845098359547420673,0,6946
2089,845306882940190720,21642,4867
2090,845397057150107648,7090,1622
2091,845677943972139009,23461,4385
2092,845812042753855489,27051,7871
2093,846042936437604353,14827,2591
2094,846139713627017216,28839,9173
2095,846153765933735936,29118,8184
2096,846505985330044928,13089,2764
2097,846514051647705089,41235,10393
2098,846874817362120707,18641,3555
2099,847116187444137987,19896,2876
2100,847157206088847362,18389,5258
2101,847251039262605312,18988,3924
2102,847606175596138505,17367,3093
2103,847617282490613760,6472,376
2104,847842811428974592,5019,1192
2105,847962785489326080,21756,4580
2106,847971574464610304,0,396
2107,847978865427394560,0,2924
2108,848212111729840128,15045,2721
2109,848213670039564288,7544,646
2110,848324959059550208,22846,4156
2111,848690551926992896,23270,3926
2112,849051919805034497,39045,7630
2113,849336543269576704,10560,1693
2114,849412302885593088,14684,2835
2115,849668094696017920,0,4448
2116,849776966551130114,27923,6824
2117,850019790995546112,18794,4375
2118,850145622816686080,15060,3397
2119,850333567704068097,3193,301
2120,850380195714523136,12087,2333
2121,850753642995093505,28171,8088
2122,851224888060895234,19062,5172
2123,851464819735769094,22276,6314
2124,851591660324737024,14963,3125
2125,852189679701164033,10575,1419
2126,852226086759018497,18362,6098
2127,852311364735569921,30374,8886
2128,852553447878664193,14909,3120
2129,852672615818899456,13651,1913
2130,852912242202992640,8255,1601
2131,852936405516943360,0,1789
2132,853299958564483072,14177,3172
2133,853639147608842240,31563,8887
2134,853760880890318849,26100,5117
2135,854010172552949760,14842,2791
2136,854120357044912130,29234,6597
2137,854365224396361728,17209,4153
2138,854482394044301312,26589,6026
2139,854732716440526848,20697,5352
2140,855138241867124737,0,36
2141,855245323840757760,0,5266
2142,855459453768019968,27113,7303
2143,855818117272018944,24282,4816
2144,855851453814013952,41906,16131
2145,855857698524602368,10858,1861
2146,855860136149123072,4411,853
2147,855862651834028034,303,21
2148,856282028240666624,25239,5581
2149,856288084350160898,487,15
2150,856526610513747968,10828,1654
2151,856543823941562368,14841,2548
2152,857029823797047296,17049,3493
2153,857062103051644929,0,148
2154,857214891891077121,204,16
2155,857263160327368704,18250,3977
2156,857393404942143489,5310,1443
2157,857746408056729600,30819,9349
2158,857989990357356544,14496,2267
2159,858107933456039936,14239,2539
2160,858471635011153920,19494,4263
2161,858843525470990336,14125,3027
2162,858860390427611136,0,7082
2163,859074603037188101,30437,11972
2164,859196978902773760,80554,26271
2165,859607811541651456,16839,1364
2166,859851578198683649,13974,3069
2167,859924526012018688,17641,3585
2168,860177593139703809,0,26746
2169,860184849394610176,15017,5122
2170,860276583193509888,16587,3070
2171,860524505164394496,21254,4604
2172,860563773140209665,6723,1857
2173,860924035999428608,0,678
2174,860981674716409858,0,1857
2175,861005113778896900,14993,3337
2176,861288531465048066,15353,3591
2177,861383897657036800,32297,9266
2178,862096992088072192,66292,19998
2179,862457590147678208,18276,4251
2180,862722525377298433,15333,3089
2181,862831371563274240,17203,4457
2182,863062471531167744,7524,2092
2183,863079547188785154,7897,953
2184,863427515083354112,1960,80
2185,863432100342583297,21306,4554
2186,863471782782697472,0,2092
2187,863553081350529029,13680,3631
2188,863907417377173506,18419,3590
2189,864197398364647424,26640,7585
2190,864279568663928832,13073,2581
2191,864873206498414592,28862,7499
2192,865006731092295680,25043,6669
2193,865359393868664832,23579,4289
2194,865718153858494464,22915,4845
2195,866094527597207552,0,7163
2196,866334964761202691,46614,12204
2197,866450705531457537,108872,30183
2198,866686824827068416,17130,2968
2199,866720684873056260,17868,4130
2200,867051520902168576,28707,6780
2201,867072653475098625,0,101
2202,867421006826221569,14346,2113
2203,867774946302451713,30274,6252
2204,867900495410671616,21595,3570
2205,868552278524837888,8965,1751
2206,868622495443632128,23633,4467
2207,868639477480148993,0,1751
2208,868880397819494401,57947,12251
2209,869227993411051520,18133,3199
2210,869596645499047938,14195,2636
2211,869702957897576449,25049,5383
2212,869772420881756160,38008,8694
2213,870063196459192321,32417,7070
2214,870308999962521604,19478,3548
2215,870374049280663552,73936,22739
2216,870656317836468226,10887,2204
2217,870726314365509632,105,3
2218,870804317367881728,29788,5281
2219,871032628920680449,20148,3221
2220,871102520638267392,18537,4674
2221,871166179821445120,0,4890
2222,871515927908634625,17889,2939
2223,871762521631449091,17883,2969
2224,871879754684805121,33092,9246
2225,872122724285648897,30217,6820
2226,872486979161796608,36061,7714
2227,872620804844003328,18318,3066
2228,872820683541237760,13068,3165
2229,872967104147763200,24040,4560
2230,873213775632977920,6318,1330
2231,873337748698140672,0,1330
2232,873580283840344065,21373,3342
2233,874012996292530176,30120,8585
2234,874057562936811520,20108,3376
2235,874296783580663808,22961,3481
2236,874434818259525634,0,12204
2237,874680097055178752,24605,3918
2238,875021211251597312,22538,3970
2239,875097192612077568,24240,5112
2240,875144289856114688,19416,4151
2241,875747767867523072,22103,3580
2242,876120275196170240,24679,3899
2243,876484053909872640,16557,1999
2244,876537666061221889,21046,3969
2245,876838120628539392,18210,2803
2246,877201837425926144,23858,4625
2247,877316821321428993,24143,4346
2248,877556246731214848,19899,3167
2249,877611172832227328,0,70
2250,877736472329191424,69261,15801
2251,878057613040115712,37145,5739
2252,878281511006478336,6773,1076
2253,878316110768087041,0,5523
2254,878404777348136964,0,1076
2255,878604707211726852,26432,5923
2256,878776093423087618,17126,3432
2257,879008229531029506,16776,2240
2258,879050749262655488,19802,3953
2259,879130579576475649,0,5739
2260,879376492567855104,14854,2646
2261,879415818425184262,92816,37427
2262,879492040517615616,20702,2628
2263,879674319642796034,282,9
2264,879862464715927552,19695,2926
2265,880095782870896641,24328,3650
2266,880221127280381952,23660,3463
2267,880465832366813184,25024,5211
2268,880872448815771648,18707,3200
2269,880935762899988482,15049,2332
2270,881268444196462592,20473,4491
2271,881536004380872706,43427,13393
2272,881633300179243008,113,8
2273,881666595344535552,44533,8952
2274,881906580714921986,21437,2852
2275,882045870035918850,25714,4080
2276,882268110199369728,39186,9624
2277,882627270321602560,24594,5061
2278,882762694511734784,24779,4091
2279,882992080364220416,20974,3243
2280,883117836046086144,32508,5531
2281,883360690899218434,19937,3075
2282,883482846933004288,40192,8265
2283,883838122936631299,19166,2860
2284,884162670584377345,17937,2502
2285,884247878851493888,63274,16908
2286,884441805382717440,23859,4787
2287,884562892145688576,21307,3907
2288,884876753390489601,24374,4670
2289,884925521741709313,67257,15012
2290,885167619883638784,19242,3666
2291,885311592912609280,0,15422
2292,885518971528720385,17997,3106
2293,885528943205470208,31581,5323
2294,885984800019947520,28592,5606
2295,886054160059072513,0,93
2296,886258384151887873,24516,5281
2297,886267009285017600,105,4
2298,886366144734445568,18540,2629
2299,886680336477933568,19723,3733
2300,886736880519319552,10495,2627
2301,886983233522544640,30363,6308
2302,887101392804085760,26970,4986
2303,887343217045368832,29580,8810
2304,887473957103951883,60167,15010
2305,887517139158093824,40710,9842
2306,887705289381826560,26605,4532
2307,888078434458587136,19145,2892
2308,888554962724278272,17310,2876
2309,888804989199671297,22459,3533
2310,888917238123831296,25622,3759
2311,889278841981685760,22104,4440
2312,889531135344209921,13349,1878
2313,889638837579907072,23661,3710
2314,889665388333682689,42028,8342
2315,889880896479866881,24553,4163
2316,890006608113172480,27026,6147
2317,890240255349198849,27950,6094
2318,890609185150312448,24512,3617
2319,890729181411237888,56839,15748
2320,890971913173991426,10361,1660
2321,891087950875897856,17801,2599
2322,891327558926688256,35297,7754
2323,891689557279858688,36922,7222
2324,891815181378084864,22042,3477
2325,892177421306343426,29313,5298
2326,892420643555336193,33800,7002
